timestamp,id,sensor_type,site_id,msg_type,value,seq,quality
2025-09-01T08:00:00Z,hum-A2,humidity,field-01,keepalive,,181,ok
2025-09-01T08:00:00Z,hum-A2,humidity,field-01,reading,54.617,1,ok
2025-09-01T08:00:00Z,soil-A3,soil_moist,field-02,keepalive,,91,ok
2025-09-01T08:00:00Z,soil-A3,soil_moist,field-02,reading,35.313,1,ok
2025-09-01T08:00:00Z,temp-A1,temperature,field-01,keepalive,,151,ok
2025-09-01T08:00:00Z,temp-A1,temperature,field-01,reading,27.338,1,ok
2025-09-01T08:01:00Z,hum-A2,humidity,field-01,reading,55.572,2,ok
2025-09-01T08:01:00Z,temp-A1,temperature,field-01,reading,26.959,2,ok
2025-09-01T08:02:00Z,hum-A2,humidity,field-01,reading,55.767,3,ok
2025-09-01T08:02:00Z,soil-A3,soil_moist,field-02,reading,35.63,2,ok
2025-09-01T08:02:00Z,temp-A1,temperature,field-01,reading,27.112,3,ok
2025-09-01T08:03:00Z,hum-A2,humidity,field-01,reading,56.764,4,ok
2025-09-01T08:03:00Z,temp-A1,temperature,field-01,reading,27.239,4,ok
2025-09-01T08:04:00Z,hum-A2,humidity,field-01,reading,56.144,5,ok
2025-09-01T08:04:00Z,soil-A3,soil_moist,field-02,reading,35.011,3,ok
2025-09-01T08:04:00Z,temp-A1,temperature,field-01,reading,27.052,5,ok
2025-09-01T08:05:00Z,hum-A2,humidity,field-01,keepalive,,182,ok
2025-09-01T08:05:00Z,hum-A2,humidity,field-01,reading,54.829,6,ok
2025-09-01T08:05:00Z,soil-A3,soil_moist,field-02,keepalive,,92,ok
2025-09-01T08:05:00Z,temp-A1,temperature,field-01,keepalive,,152,ok
2025-09-01T08:05:00Z,temp-A1,temperature,field-01,reading,27.263,6,ok
2025-09-01T08:06:00Z,hum-A2,humidity,field-01,reading,55.477,7,ok
2025-09-01T08:06:00Z,soil-A3,soil_moist,field-02,reading,35.495,4,ok
2025-09-01T08:06:00Z,temp-A1,temperature,field-01,reading,27.314,7,ok
2025-09-01T08:07:00Z,hum-A2,humidity,field-01,reading,57.417,8,ok
2025-09-01T08:07:00Z,temp-A1,temperature,field-01,reading,27.016,8,ok
2025-09-01T08:08:00Z,hum-A2,humidity,field-01,reading,56.884,9,ok
2025-09-01T08:08:00Z,soil-A3,soil_moist,field-02,reading,35.178,5,ok
2025-09-01T08:08:00Z,temp-A1,temperature,field-01,reading,27.622,9,ok
2025-09-01T08:09:00Z,hum-A2,humidity,field-01,reading,58.258,10,ok
2025-09-01T08:09:00Z,temp-A1,temperature,field-01,reading,27.59,10,ok
2025-09-01T08:10:00Z,hum-A2,humidity,field-01,keepalive,,183,ok
2025-09-01T08:10:00Z,hum-A2,humidity,field-01,reading,57.821,11,ok
2025-09-01T08:10:00Z,soil-A3,soil_moist,field-02,keepalive,,93,ok
2025-09-01T08:10:00Z,soil-A3,soil_moist,field-02,reading,35.237,6,ok
2025-09-01T08:10:00Z,temp-A1,temperature,field-01,keepalive,,153,ok
2025-09-01T08:10:00Z,temp-A1,temperature,field-01,reading,27.395,11,ok
2025-09-01T08:11:00Z,hum-A2,humidity,field-01,reading,57.256,12,ok
2025-09-01T08:11:00Z,temp-A1,temperature,field-01,reading,27.537,12,ok
2025-09-01T08:12:00Z,hum-A2,humidity,field-01,reading,58.973,13,ok
2025-09-01T08:12:00Z,soil-A3,soil_moist,field-02,reading,35.794,7,ok
2025-09-01T08:12:00Z,temp-A1,temperature,field-01,reading,27.722,13,ok
2025-09-01T08:13:00Z,hum-A2,humidity,field-01,reading,57.71,14,ok
2025-09-01T08:13:00Z,temp-A1,temperature,field-01,reading,27.619,14,ok
2025-09-01T08:14:00Z,hum-A2,humidity,field-01,reading,56.961,15,ok
2025-09-01T08:14:00Z,soil-A3,soil_moist,field-02,reading,36.138,8,ok
2025-09-01T08:14:00Z,temp-A1,temperature,field-01,reading,27.672,15,ok
2025-09-01T08:15:00Z,hum-A2,humidity,field-01,keepalive,,184,ok
2025-09-01T08:15:00Z,hum-A2,humidity,field-01,reading,60.498,16,ok
2025-09-01T08:15:00Z,soil-A3,soil_moist,field-02,keepalive,,94,ok
2025-09-01T08:15:00Z,temp-A1,temperature,field-01,keepalive,,154,ok
2025-09-01T08:15:00Z,temp-A1,temperature,field-01,reading,27.479,16,ok
2025-09-01T08:16:00Z,hum-A2,humidity,field-01,reading,57.56,17,ok
2025-09-01T08:16:00Z,soil-A3,soil_moist,field-02,reading,35.716,9,ok
2025-09-01T08:16:00Z,temp-A1,temperature,field-01,reading,27.929,17,ok
2025-09-01T08:17:00Z,hum-A2,humidity,field-01,reading,59.837,18,ok
2025-09-01T08:17:00Z,temp-A1,temperature,field-01,reading,27.89,18,ok
2025-09-01T08:18:00Z,hum-A2,humidity,field-01,reading,60.314,19,ok
2025-09-01T08:18:00Z,soil-A3,soil_moist,field-02,reading,35.009,10,ok
2025-09-01T08:18:00Z,temp-A1,temperature,field-01,reading,27.968,19,ok
2025-09-01T08:19:00Z,hum-A2,humidity,field-01,reading,59.914,20,ok
2025-09-01T08:19:00Z,temp-A1,temperature,field-01,reading,27.654,20,ok
2025-09-01T08:20:00Z,hum-A2,humidity,field-01,keepalive,,185,ok
2025-09-01T08:20:00Z,hum-A2,humidity,field-01,reading,58.679,21,ok
2025-09-01T08:20:00Z,soil-A3,soil_moist,field-02,keepalive,,95,ok
2025-09-01T08:20:00Z,soil-A3,soil_moist,field-02,reading,130.0,11,corrupted
2025-09-01T08:20:00Z,temp-A1,temperature,field-01,keepalive,,155,ok
2025-09-01T08:20:00Z,temp-A1,temperature,field-01,reading,28.335,21,ok
2025-09-01T08:21:00Z,hum-A2,humidity,field-01,reading,61.063,22,ok
2025-09-01T08:21:00Z,temp-A1,temperature,field-01,reading,28.081,22,ok
2025-09-01T08:22:00Z,hum-A2,humidity,field-01,reading,59.32,23,ok
2025-09-01T08:22:00Z,soil-A3,soil_moist,field-02,reading,35.55,12,ok
2025-09-01T08:22:00Z,temp-A1,temperature,field-01,reading,28.017,23,ok
2025-09-01T08:23:00Z,hum-A2,humidity,field-01,reading,59.617,24,ok
2025-09-01T08:23:00Z,temp-A1,temperature,field-01,reading,28.544,24,ok
2025-09-01T08:24:00Z,hum-A2,humidity,field-01,reading,60.617,25,ok
2025-09-01T08:24:00Z,soil-A3,soil_moist,field-02,reading,36.521,13,ok
2025-09-01T08:24:00Z,temp-A1,temperature,field-01,reading,28.172,25,ok
2025-09-01T08:25:00Z,hum-A2,humidity,field-01,keepalive,,186,ok
2025-09-01T08:25:00Z,hum-A2,humidity,field-01,reading,61.747,26,ok
2025-09-01T08:25:00Z,soil-A3,soil_moist,field-02,keepalive,,96,ok
2025-09-01T08:25:00Z,temp-A1,temperature,field-01,keepalive,,156,ok
2025-09-01T08:25:00Z,temp-A1,temperature,field-01,reading,27.933,26,ok
2025-09-01T08:26:00Z,hum-A2,humidity,field-01,reading,61.563,27,ok
2025-09-01T08:26:00Z,soil-A3,soil_moist,field-02,reading,37.459,14,ok
2025-09-01T08:26:00Z,temp-A1,temperature,field-01,reading,28.183,27,ok
2025-09-01T08:27:00Z,hum-A2,humidity,field-01,reading,62.173,28,ok
2025-09-01T08:27:00Z,temp-A1,temperature,field-01,reading,27.847,28,ok
2025-09-01T08:28:00Z,hum-A2,humidity,field-01,reading,61.367,29,ok
2025-09-01T08:28:00Z,soil-A3,soil_moist,field-02,reading,36.668,15,ok
2025-09-01T08:28:00Z,temp-A1,temperature,field-01,reading,28.554,29,ok
2025-09-01T08:29:00Z,hum-A2,humidity,field-01,reading,61.777,30,ok
2025-09-01T08:29:00Z,temp-A1,temperature,field-01,reading,28.3,30,ok
2025-09-01T08:30:00Z,hum-A2,humidity,field-01,keepalive,,187,ok
2025-09-01T08:30:00Z,hum-A2,humidity,field-01,reading,61.192,31,ok
2025-09-01T08:30:00Z,soil-A3,soil_moist,field-02,keepalive,,97,ok
2025-09-01T08:30:00Z,soil-A3,soil_moist,field-02,reading,36.186,16,ok
2025-09-01T08:30:00Z,temp-A1,temperature,field-01,keepalive,,157,ok
2025-09-01T08:30:00Z,temp-A1,temperature,field-01,reading,28.272,31,ok
2025-09-01T08:31:00Z,hum-A2,humidity,field-01,reading,62.031,32,ok
2025-09-01T08:31:00Z,temp-A1,temperature,field-01,reading,28.671,32,ok
2025-09-01T08:32:00Z,hum-A2,humidity,field-01,reading,62.937,33,ok
2025-09-01T08:32:00Z,soil-A3,soil_moist,field-02,reading,36.151,17,ok
2025-09-01T08:32:00Z,temp-A1,temperature,field-01,reading,28.162,33,ok
2025-09-01T08:33:00Z,hum-A2,humidity,field-01,reading,62.395,34,ok
2025-09-01T08:33:00Z,temp-A1,temperature,field-01,reading,28.634,34,ok
2025-09-01T08:34:00Z,hum-A2,humidity,field-01,reading,63.183,35,ok
2025-09-01T08:34:00Z,soil-A3,soil_moist,field-02,reading,37.564,18,ok
2025-09-01T08:34:00Z,temp-A1,temperature,field-01,reading,28.148,35,ok
2025-09-01T08:35:00Z,hum-A2,humidity,field-01,keepalive,,188,ok
2025-09-01T08:35:00Z,hum-A2,humidity,field-01,reading,62.506,36,ok
2025-09-01T08:35:00Z,soil-A3,soil_moist,field-02,keepalive,,98,ok
2025-09-01T08:35:00Z,temp-A1,temperature,field-01,keepalive,,158,ok
2025-09-01T08:35:00Z,temp-A1,temperature,field-01,reading,28.46,36,ok
2025-09-01T08:36:00Z,hum-A2,humidity,field-01,reading,62.647,37,ok
2025-09-01T08:36:00Z,soil-A3,soil_moist,field-02,reading,37.064,19,ok
2025-09-01T08:36:00Z,temp-A1,temperature,field-01,reading,28.383,37,ok
2025-09-01T08:37:00Z,hum-A2,humidity,field-01,reading,63.303,38,ok
2025-09-01T08:37:00Z,temp-A1,temperature,field-01,reading,28.947,38,ok
2025-09-01T08:38:00Z,hum-A2,humidity,field-01,reading,63.261,39,ok
2025-09-01T08:38:00Z,soil-A3,soil_moist,field-02,reading,37.432,20,ok
2025-09-01T08:38:00Z,temp-A1,temperature,field-01,reading,29.037,39,ok
2025-09-01T08:39:00Z,hum-A2,humidity,field-01,reading,64.03,40,ok
2025-09-01T08:39:00Z,temp-A1,temperature,field-01,reading,28.645,40,ok
2025-09-01T08:40:00Z,hum-A2,humidity,field-01,keepalive,,189,ok
2025-09-01T08:40:00Z,hum-A2,humidity,field-01,reading,63.832,41,ok
2025-09-01T08:40:00Z,soil-A3,soil_moist,field-02,keepalive,,99,ok
2025-09-01T08:40:00Z,soil-A3,soil_moist,field-02,reading,37.711,21,ok
2025-09-01T08:40:00Z,temp-A1,temperature,field-01,keepalive,,159,ok
2025-09-01T08:40:00Z,temp-A1,temperature,field-01,reading,28.906,41,ok
2025-09-01T08:41:00Z,hum-A2,humidity,field-01,reading,65.209,42,ok
2025-09-01T08:41:00Z,temp-A1,temperature,field-01,reading,28.727,42,ok
2025-09-01T08:42:00Z,hum-A2,humidity,field-01,reading,63.762,43,ok
2025-09-01T08:42:00Z,soil-A3,soil_moist,field-02,reading,37.306,22,ok
2025-09-01T08:42:00Z,temp-A1,temperature,field-01,reading,28.901,43,ok
2025-09-01T08:43:00Z,hum-A2,humidity,field-01,reading,63.871,44,ok
2025-09-01T08:43:00Z,temp-A1,temperature,field-01,reading,28.66,44,ok
2025-09-01T08:44:00Z,hum-A2,humidity,field-01,reading,63.329,45,ok
2025-09-01T08:44:00Z,soil-A3,soil_moist,field-02,reading,37.254,23,ok
2025-09-01T08:44:00Z,temp-A1,temperature,field-01,reading,28.491,45,ok
2025-09-01T08:45:00Z,hum-A2,humidity,field-01,keepalive,,190,ok
2025-09-01T08:45:00Z,hum-A2,humidity,field-01,reading,64.282,46,ok
2025-09-01T08:45:00Z,soil-A3,soil_moist,field-02,keepalive,,100,ok
2025-09-01T08:45:00Z,temp-A1,temperature,field-01,keepalive,,160,ok
2025-09-01T08:45:00Z,temp-A1,temperature,field-01,reading,28.492,46,ok
2025-09-01T08:46:00Z,hum-A2,humidity,field-01,reading,64.906,47,ok
2025-09-01T08:46:00Z,soil-A3,soil_moist,field-02,reading,37.008,24,ok
2025-09-01T08:46:00Z,temp-A1,temperature,field-01,reading,28.949,47,ok
2025-09-01T08:47:00Z,hum-A2,humidity,field-01,reading,63.857,48,ok
2025-09-01T08:47:00Z,temp-A1,temperature,field-01,reading,29.339,48,ok
2025-09-01T08:48:00Z,hum-A2,humidity,field-01,reading,64.492,49,ok
2025-09-01T08:48:00Z,soil-A3,soil_moist,field-02,reading,36.01,25,ok
2025-09-01T08:48:00Z,temp-A1,temperature,field-01,reading,28.96,49,ok
2025-09-01T08:49:00Z,hum-A2,humidity,field-01,reading,65.183,50,ok
2025-09-01T08:49:00Z,temp-A1,temperature,field-01,reading,28.817,50,ok
2025-09-01T08:50:00Z,hum-A2,humidity,field-01,keepalive,,191,ok
2025-09-01T08:50:00Z,hum-A2,humidity,field-01,reading,64.576,51,ok
2025-09-01T08:50:00Z,soil-A3,soil_moist,field-02,keepalive,,101,ok
2025-09-01T08:50:00Z,soil-A3,soil_moist,field-02,reading,36.857,26,ok
2025-09-01T08:50:00Z,temp-A1,temperature,field-01,keepalive,,161,ok
2025-09-01T08:50:00Z,temp-A1,temperature,field-01,reading,29.318,51,ok
2025-09-01T08:51:00Z,hum-A2,humidity,field-01,reading,64.326,52,ok
2025-09-01T08:51:00Z,temp-A1,temperature,field-01,reading,28.996,52,ok
2025-09-01T08:52:00Z,hum-A2,humidity,field-01,reading,65.575,53,ok
2025-09-01T08:52:00Z,soil-A3,soil_moist,field-02,reading,37.641,27,ok
2025-09-01T08:52:00Z,temp-A1,temperature,field-01,reading,28.98,53,ok
2025-09-01T08:53:00Z,hum-A2,humidity,field-01,reading,64.924,54,ok
2025-09-01T08:53:00Z,temp-A1,temperature,field-01,reading,29.02,54,ok
2025-09-01T08:54:00Z,hum-A2,humidity,field-01,reading,65.206,55,ok
2025-09-01T08:54:00Z,soil-A3,soil_moist,field-02,reading,37.643,28,ok
2025-09-01T08:54:00Z,temp-A1,temperature,field-01,reading,28.951,55,ok
2025-09-01T08:55:00Z,hum-A2,humidity,field-01,keepalive,,192,ok
2025-09-01T08:55:00Z,hum-A2,humidity,field-01,reading,65.862,56,ok
2025-09-01T08:55:00Z,soil-A3,soil_moist,field-02,keepalive,,102,ok
2025-09-01T08:55:00Z,temp-A1,temperature,field-01,keepalive,,162,ok
2025-09-01T08:55:00Z,temp-A1,temperature,field-01,reading,28.923,56,ok
2025-09-01T08:56:00Z,hum-A2,humidity,field-01,reading,65.87,57,ok
2025-09-01T08:56:00Z,soil-A3,soil_moist,field-02,reading,37.982,29,ok
2025-09-01T08:56:00Z,temp-A1,temperature,field-01,reading,28.704,57,ok
2025-09-01T08:57:00Z,hum-A2,humidity,field-01,reading,64.698,58,ok
2025-09-01T08:57:00Z,temp-A1,temperature,field-01,reading,29.095,58,ok
2025-09-01T08:58:00Z,hum-A2,humidity,field-01,reading,64.57,59,ok
2025-09-01T08:58:00Z,soil-A3,soil_moist,field-02,reading,37.763,30,ok
2025-09-01T08:58:00Z,temp-A1,temperature,field-01,reading,28.979,59,ok
2025-09-01T08:59:00Z,hum-A2,humidity,field-01,reading,65.226,60,ok
2025-09-01T08:59:00Z,temp-A1,temperature,field-01,reading,29.238,60,ok
2025-09-01T09:00:00Z,hum-A2,humidity,field-01,keepalive,,193,ok
2025-09-01T09:00:00Z,hum-A2,humidity,field-01,reading,64.893,61,ok
2025-09-01T09:00:00Z,soil-A3,soil_moist,field-02,keepalive,,103,ok
2025-09-01T09:00:00Z,soil-A3,soil_moist,field-02,reading,37.946,31,ok
2025-09-01T09:01:00Z,hum-A2,humidity,field-01,reading,63.474,62,ok
2025-09-01T09:02:00Z,hum-A2,humidity,field-01,reading,66.001,63,ok
2025-09-01T09:02:00Z,soil-A3,soil_moist,field-02,reading,38.295,32,ok
2025-09-01T09:03:00Z,hum-A2,humidity,field-01,reading,64.977,64,ok
2025-09-01T09:04:00Z,hum-A2,humidity,field-01,reading,65.524,65,ok
2025-09-01T09:04:00Z,soil-A3,soil_moist,field-02,reading,37.488,33,ok
2025-09-01T09:05:00Z,hum-A2,humidity,field-01,keepalive,,194,ok
2025-09-01T09:05:00Z,hum-A2,humidity,field-01,reading,63.963,66,ok
2025-09-01T09:05:00Z,soil-A3,soil_moist,field-02,keepalive,,104,ok
2025-09-01T09:06:00Z,hum-A2,humidity,field-01,reading,65.892,67,ok
2025-09-01T09:06:00Z,soil-A3,soil_moist,field-02,reading,37.812,34,ok
2025-09-01T09:07:00Z,hum-A2,humidity,field-01,reading,64.344,68,ok
2025-09-01T09:08:00Z,hum-A2,humidity,field-01,reading,64.674,69,ok
2025-09-01T09:08:00Z,soil-A3,soil_moist,field-02,reading,37.171,35,ok
2025-09-01T09:09:00Z,hum-A2,humidity,field-01,reading,63.579,70,ok
2025-09-01T09:10:00Z,hum-A2,humidity,field-01,keepalive,,195,ok
2025-09-01T09:10:00Z,hum-A2,humidity,field-01,reading,64.499,71,ok
2025-09-01T09:10:00Z,soil-A3,soil_moist,field-02,keepalive,,105,ok
2025-09-01T09:10:00Z,soil-A3,soil_moist,field-02,reading,38.475,36,ok
2025-09-01T09:11:00Z,hum-A2,humidity,field-01,reading,64.374,72,ok
2025-09-01T09:12:00Z,hum-A2,humidity,field-01,reading,64.329,73,ok
2025-09-01T09:12:00Z,soil-A3,soil_moist,field-02,reading,38.016,37,ok
2025-09-01T09:13:00Z,hum-A2,humidity,field-01,reading,64.741,74,ok
2025-09-01T09:14:00Z,hum-A2,humidity,field-01,reading,64.345,75,ok
2025-09-01T09:14:00Z,soil-A3,soil_moist,field-02,reading,38.245,38,ok
2025-09-01T09:15:00Z,hum-A2,humidity,field-01,keepalive,,196,ok
2025-09-01T09:15:00Z,hum-A2,humidity,field-01,reading,64.977,76,ok
2025-09-01T09:15:00Z,soil-A3,soil_moist,field-02,keepalive,,106,ok
2025-09-01T09:16:00Z,hum-A2,humidity,field-01,reading,63.715,77,ok
2025-09-01T09:16:00Z,soil-A3,soil_moist,field-02,reading,38.769,39,ok
2025-09-01T09:17:00Z,hum-A2,humidity,field-01,reading,63.18,78,ok
2025-09-01T09:18:00Z,hum-A2,humidity,field-01,reading,63.842,79,ok
2025-09-01T09:18:00Z,soil-A3,soil_moist,field-02,reading,38.53,40,ok
2025-09-01T09:19:00Z,hum-A2,humidity,field-01,reading,64.235,80,ok
2025-09-01T09:20:00Z,hum-A2,humidity,field-01,keepalive,,197,ok
2025-09-01T09:20:00Z,hum-A2,humidity,field-01,reading,64.597,81,ok
2025-09-01T09:20:00Z,soil-A3,soil_moist,field-02,keepalive,,107,ok
2025-09-01T09:20:00Z,soil-A3,soil_moist,field-02,reading,37.947,41,ok
2025-09-01T09:21:00Z,hum-A2,humidity,field-01,reading,64.597,82,ok
2025-09-01T09:22:00Z,hum-A2,humidity,field-01,reading,64.597,83,ok
2025-09-01T09:22:00Z,soil-A3,soil_moist,field-02,reading,38.353,42,ok
2025-09-01T09:23:00Z,hum-A2,humidity,field-01,reading,64.597,84,ok
2025-09-01T09:24:00Z,hum-A2,humidity,field-01,reading,64.597,85,ok
2025-09-01T09:24:00Z,soil-A3,soil_moist,field-02,reading,37.219,43,ok
2025-09-01T09:25:00Z,hum-A2,humidity,field-01,keepalive,,198,ok
2025-09-01T09:25:00Z,hum-A2,humidity,field-01,reading,64.597,86,ok
2025-09-01T09:25:00Z,soil-A3,soil_moist,field-02,keepalive,,108,ok
2025-09-01T09:26:00Z,hum-A2,humidity,field-01,reading,64.597,87,ok
2025-09-01T09:26:00Z,soil-A3,soil_moist,field-02,reading,38.123,44,ok
2025-09-01T09:27:00Z,hum-A2,humidity,field-01,reading,64.597,88,ok
2025-09-01T09:28:00Z,hum-A2,humidity,field-01,reading,64.597,89,ok
2025-09-01T09:28:00Z,soil-A3,soil_moist,field-02,reading,37.942,45,ok
2025-09-01T09:29:00Z,hum-A2,humidity,field-01,reading,64.597,90,ok
2025-09-01T09:30:00Z,hum-A2,humidity,field-01,keepalive,,199,ok
2025-09-01T09:30:00Z,hum-A2,humidity,field-01,reading,64.597,91,ok
2025-09-01T09:30:00Z,soil-A3,soil_moist,field-02,keepalive,,109,ok
2025-09-01T09:30:00Z,soil-A3,soil_moist,field-02,reading,37.024,46,ok
2025-09-01T09:30:00Z,temp-A1,temperature,field-01,keepalive,,163,ok
2025-09-01T09:30:00Z,temp-A1,temperature,field-01,reading,28.505,61,ok
2025-09-01T09:31:00Z,hum-A2,humidity,field-01,reading,64.597,92,ok
2025-09-01T09:31:00Z,temp-A1,temperature,field-01,reading,28.493,62,ok
2025-09-01T09:32:00Z,hum-A2,humidity,field-01,reading,64.597,93,ok
2025-09-01T09:32:00Z,soil-A3,soil_moist,field-02,reading,38.457,47,ok
2025-09-01T09:32:00Z,temp-A1,temperature,field-01,reading,28.316,63,ok
2025-09-01T09:33:00Z,hum-A2,humidity,field-01,reading,64.597,94,ok
2025-09-01T09:33:00Z,temp-A1,temperature,field-01,reading,28.263,64,ok
2025-09-01T09:34:00Z,hum-A2,humidity,field-01,reading,64.597,95,ok
2025-09-01T09:34:00Z,soil-A3,soil_moist,field-02,reading,37.387,48,ok
2025-09-01T09:34:00Z,temp-A1,temperature,field-01,reading,28.102,65,ok
2025-09-01T09:35:00Z,hum-A2,humidity,field-01,keepalive,,200,ok
2025-09-01T09:35:00Z,hum-A2,humidity,field-01,reading,64.597,96,ok
2025-09-01T09:35:00Z,soil-A3,soil_moist,field-02,keepalive,,110,ok
2025-09-01T09:35:00Z,temp-A1,temperature,field-01,keepalive,,164,ok
2025-09-01T09:35:00Z,temp-A1,temperature,field-01,reading,28.184,66,ok
2025-09-01T09:36:00Z,hum-A2,humidity,field-01,reading,64.597,97,ok
2025-09-01T09:36:00Z,soil-A3,soil_moist,field-02,reading,38.027,49,ok
2025-09-01T09:36:00Z,temp-A1,temperature,field-01,reading,28.605,67,ok
2025-09-01T09:37:00Z,hum-A2,humidity,field-01,reading,64.597,98,ok
2025-09-01T09:37:00Z,temp-A1,temperature,field-01,reading,28.283,68,ok
2025-09-01T09:38:00Z,hum-A2,humidity,field-01,reading,64.597,99,ok
2025-09-01T09:38:00Z,soil-A3,soil_moist,field-02,reading,37.416,50,ok
2025-09-01T09:38:00Z,temp-A1,temperature,field-01,reading,27.997,69,ok
2025-09-01T09:39:00Z,hum-A2,humidity,field-01,reading,64.597,100,ok
2025-09-01T09:39:00Z,temp-A1,temperature,field-01,reading,27.926,70,ok
2025-09-01T09:40:00Z,hum-A2,humidity,field-01,keepalive,,201,ok
2025-09-01T09:40:00Z,hum-A2,humidity,field-01,reading,64.597,101,ok
2025-09-01T09:40:00Z,soil-A3,soil_moist,field-02,keepalive,,111,ok
2025-09-01T09:40:00Z,soil-A3,soil_moist,field-02,reading,-10.0,51,corrupted
2025-09-01T09:40:00Z,temp-A1,temperature,field-01,keepalive,,165,ok
2025-09-01T09:40:00Z,temp-A1,temperature,field-01,reading,27.802,71,ok
2025-09-01T09:41:00Z,hum-A2,humidity,field-01,reading,64.597,102,ok
2025-09-01T09:41:00Z,temp-A1,temperature,field-01,reading,28.003,72,ok
2025-09-01T09:42:00Z,hum-A2,humidity,field-01,reading,64.597,103,ok
2025-09-01T09:42:00Z,soil-A3,soil_moist,field-02,reading,38.15,52,ok
2025-09-01T09:42:00Z,temp-A1,temperature,field-01,reading,27.96,73,ok
2025-09-01T09:43:00Z,hum-A2,humidity,field-01,reading,64.597,104,ok
2025-09-01T09:43:00Z,temp-A1,temperature,field-01,reading,27.545,74,ok
2025-09-01T09:44:00Z,hum-A2,humidity,field-01,reading,64.597,105,ok
2025-09-01T09:44:00Z,soil-A3,soil_moist,field-02,reading,37.006,53,ok
2025-09-01T09:44:00Z,temp-A1,temperature,field-01,reading,27.883,75,ok
2025-09-01T09:45:00Z,hum-A2,humidity,field-01,keepalive,,202,ok
2025-09-01T09:45:00Z,hum-A2,humidity,field-01,reading,64.597,106,ok
2025-09-01T09:45:00Z,soil-A3,soil_moist,field-02,keepalive,,112,ok
2025-09-01T09:45:00Z,temp-A1,temperature,field-01,keepalive,,166,ok
2025-09-01T09:45:00Z,temp-A1,temperature,field-01,reading,27.623,76,ok
2025-09-01T09:46:00Z,hum-A2,humidity,field-01,reading,64.597,107,ok
2025-09-01T09:46:00Z,soil-A3,soil_moist,field-02,reading,36.578,54,ok
2025-09-01T09:46:00Z,temp-A1,temperature,field-01,reading,27.973,77,ok
2025-09-01T09:47:00Z,hum-A2,humidity,field-01,reading,64.597,108,ok
2025-09-01T09:47:00Z,temp-A1,temperature,field-01,reading,27.669,78,ok
2025-09-01T09:48:00Z,hum-A2,humidity,field-01,reading,64.597,109,ok
2025-09-01T09:48:00Z,soil-A3,soil_moist,field-02,reading,37.196,55,ok
2025-09-01T09:48:00Z,temp-A1,temperature,field-01,reading,27.931,79,ok
2025-09-01T09:49:00Z,hum-A2,humidity,field-01,reading,64.597,110,ok
2025-09-01T09:49:00Z,temp-A1,temperature,field-01,reading,27.446,80,ok
2025-09-01T09:50:00Z,hum-A2,humidity,field-01,keepalive,,203,ok
2025-09-01T09:50:00Z,hum-A2,humidity,field-01,reading,64.597,111,ok
2025-09-01T09:50:00Z,soil-A3,soil_moist,field-02,keepalive,,113,ok
2025-09-01T09:50:00Z,soil-A3,soil_moist,field-02,reading,37.601,56,ok
2025-09-01T09:50:00Z,temp-A1,temperature,field-01,keepalive,,167,ok
2025-09-01T09:50:00Z,temp-A1,temperature,field-01,reading,27.429,81,ok
2025-09-01T09:51:00Z,hum-A2,humidity,field-01,reading,64.597,112,ok
2025-09-01T09:51:00Z,temp-A1,temperature,field-01,reading,27.495,82,ok
2025-09-01T09:52:00Z,hum-A2,humidity,field-01,reading,64.597,113,ok
2025-09-01T09:52:00Z,soil-A3,soil_moist,field-02,reading,36.902,57,ok
2025-09-01T09:52:00Z,temp-A1,temperature,field-01,reading,27.595,83,ok
2025-09-01T09:53:00Z,hum-A2,humidity,field-01,reading,64.597,114,ok
2025-09-01T09:53:00Z,temp-A1,temperature,field-01,reading,27.445,84,ok
2025-09-01T09:54:00Z,hum-A2,humidity,field-01,reading,64.597,115,ok
2025-09-01T09:54:00Z,soil-A3,soil_moist,field-02,reading,36.687,58,ok
2025-09-01T09:54:00Z,temp-A1,temperature,field-01,reading,27.033,85,ok
2025-09-01T09:55:00Z,hum-A2,humidity,field-01,keepalive,,204,ok
2025-09-01T09:55:00Z,hum-A2,humidity,field-01,reading,64.597,116,ok
2025-09-01T09:55:00Z,soil-A3,soil_moist,field-02,keepalive,,114,ok
2025-09-01T09:55:00Z,temp-A1,temperature,field-01,keepalive,,168,ok
2025-09-01T09:55:00Z,temp-A1,temperature,field-01,reading,27.264,86,ok
2025-09-01T09:56:00Z,hum-A2,humidity,field-01,reading,64.597,117,ok
2025-09-01T09:56:00Z,soil-A3,soil_moist,field-02,reading,37.142,59,ok
2025-09-01T09:56:00Z,temp-A1,temperature,field-01,reading,27.18,87,ok
2025-09-01T09:57:00Z,hum-A2,humidity,field-01,reading,64.597,118,ok
2025-09-01T09:57:00Z,temp-A1,temperature,field-01,reading,27.037,88,ok
2025-09-01T09:58:00Z,hum-A2,humidity,field-01,reading,64.597,119,ok
2025-09-01T09:58:00Z,soil-A3,soil_moist,field-02,reading,35.417,60,ok
2025-09-01T09:58:00Z,temp-A1,temperature,field-01,reading,26.941,89,ok
2025-09-01T09:59:00Z,hum-A2,humidity,field-01,reading,64.597,120,ok
2025-09-01T09:59:00Z,temp-A1,temperature,field-01,reading,27.367,90,ok
2025-09-01T10:00:00Z,hum-A2,humidity,field-01,keepalive,,205,ok
2025-09-01T10:00:00Z,hum-A2,humidity,field-01,reading,55.088,121,ok
2025-09-01T10:00:00Z,soil-A3,soil_moist,field-02,keepalive,,115,ok
2025-09-01T10:00:00Z,soil-A3,soil_moist,field-02,reading,36.362,61,ok
2025-09-01T10:00:00Z,temp-A1,temperature,field-01,keepalive,,169,ok
2025-09-01T10:00:00Z,temp-A1,temperature,field-01,reading,26.887,91,ok
2025-09-01T10:01:00Z,hum-A2,humidity,field-01,reading,54.422,122,ok
2025-09-01T10:01:00Z,temp-A1,temperature,field-01,reading,26.743,92,ok
2025-09-01T10:02:00Z,hum-A2,humidity,field-01,reading,53.028,123,ok
2025-09-01T10:02:00Z,soil-A3,soil_moist,field-02,reading,35.896,62,ok
2025-09-01T10:02:00Z,temp-A1,temperature,field-01,reading,26.987,93,ok
2025-09-01T10:03:00Z,hum-A2,humidity,field-01,reading,54.243,124,ok
2025-09-01T10:03:00Z,temp-A1,temperature,field-01,reading,26.833,94,ok
2025-09-01T10:04:00Z,hum-A2,humidity,field-01,reading,54.521,125,ok
2025-09-01T10:04:00Z,soil-A3,soil_moist,field-02,reading,36.626,63,ok
2025-09-01T10:04:00Z,temp-A1,temperature,field-01,reading,26.74,95,ok
2025-09-01T10:05:00Z,hum-A2,humidity,field-01,keepalive,,206,ok
2025-09-01T10:05:00Z,hum-A2,humidity,field-01,reading,53.395,126,ok
2025-09-01T10:05:00Z,soil-A3,soil_moist,field-02,keepalive,,116,ok
2025-09-01T10:05:00Z,temp-A1,temperature,field-01,keepalive,,170,ok
2025-09-01T10:05:00Z,temp-A1,temperature,field-01,reading,26.859,96,ok
2025-09-01T10:06:00Z,hum-A2,humidity,field-01,reading,53.198,127,ok
2025-09-01T10:06:00Z,soil-A3,soil_moist,field-02,reading,35.999,64,ok
2025-09-01T10:06:00Z,temp-A1,temperature,field-01,reading,26.749,97,ok
2025-09-01T10:07:00Z,hum-A2,humidity,field-01,reading,54.11,128,ok
2025-09-01T10:07:00Z,temp-A1,temperature,field-01,reading,26.672,98,ok
2025-09-01T10:08:00Z,hum-A2,humidity,field-01,reading,51.738,129,ok
2025-09-01T10:08:00Z,soil-A3,soil_moist,field-02,reading,35.695,65,ok
2025-09-01T10:08:00Z,temp-A1,temperature,field-01,reading,26.74,99,ok
2025-09-01T10:09:00Z,hum-A2,humidity,field-01,reading,51.284,130,ok
2025-09-01T10:09:00Z,temp-A1,temperature,field-01,reading,26.553,100,ok
2025-09-01T10:10:00Z,hum-A2,humidity,field-01,keepalive,,207,ok
2025-09-01T10:10:00Z,hum-A2,humidity,field-01,reading,51.705,131,ok
2025-09-01T10:10:00Z,soil-A3,soil_moist,field-02,keepalive,,117,ok
2025-09-01T10:10:00Z,soil-A3,soil_moist,field-02,reading,35.959,66,ok
2025-09-01T10:10:00Z,temp-A1,temperature,field-01,keepalive,,171,ok
2025-09-01T10:10:00Z,temp-A1,temperature,field-01,reading,26.322,101,ok
2025-09-01T10:11:00Z,hum-A2,humidity,field-01,reading,51.019,132,ok
2025-09-01T10:11:00Z,temp-A1,temperature,field-01,reading,26.323,102,ok
2025-09-01T10:12:00Z,hum-A2,humidity,field-01,reading,52.804,133,ok
2025-09-01T10:12:00Z,soil-A3,soil_moist,field-02,reading,35.283,67,ok
2025-09-01T10:12:00Z,temp-A1,temperature,field-01,reading,26.241,103,ok
2025-09-01T10:13:00Z,hum-A2,humidity,field-01,reading,51.727,134,ok
2025-09-01T10:13:00Z,temp-A1,temperature,field-01,reading,26.338,104,ok
2025-09-01T10:14:00Z,hum-A2,humidity,field-01,reading,50.543,135,ok
2025-09-01T10:14:00Z,soil-A3,soil_moist,field-02,reading,35.89,68,ok
2025-09-01T10:14:00Z,temp-A1,temperature,field-01,reading,26.031,105,ok
2025-09-01T10:15:00Z,hum-A2,humidity,field-01,keepalive,,208,ok
2025-09-01T10:15:00Z,hum-A2,humidity,field-01,reading,50.5,136,ok
2025-09-01T10:15:00Z,soil-A3,soil_moist,field-02,keepalive,,118,ok
2025-09-01T10:15:00Z,temp-A1,temperature,field-01,keepalive,,172,ok
2025-09-01T10:15:00Z,temp-A1,temperature,field-01,reading,25.832,106,ok
2025-09-01T10:16:00Z,hum-A2,humidity,field-01,reading,53.041,137,ok
2025-09-01T10:16:00Z,soil-A3,soil_moist,field-02,reading,35.434,69,ok
2025-09-01T10:16:00Z,temp-A1,temperature,field-01,reading,26.168,107,ok
2025-09-01T10:17:00Z,hum-A2,humidity,field-01,reading,50.027,138,ok
2025-09-01T10:17:00Z,temp-A1,temperature,field-01,reading,25.836,108,ok
2025-09-01T10:18:00Z,hum-A2,humidity,field-01,reading,49.672,139,ok
2025-09-01T10:18:00Z,soil-A3,soil_moist,field-02,reading,35.463,70,ok
2025-09-01T10:18:00Z,temp-A1,temperature,field-01,reading,25.666,109,ok
2025-09-01T10:19:00Z,hum-A2,humidity,field-01,reading,50.294,140,ok
2025-09-01T10:19:00Z,temp-A1,temperature,field-01,reading,26.085,110,ok
2025-09-01T10:20:00Z,hum-A2,humidity,field-01,keepalive,,209,ok
2025-09-01T10:20:00Z,hum-A2,humidity,field-01,reading,50.334,141,ok
2025-09-01T10:20:00Z,soil-A3,soil_moist,field-02,keepalive,,119,ok
2025-09-01T10:20:00Z,soil-A3,soil_moist,field-02,reading,35.168,71,ok
2025-09-01T10:20:00Z,temp-A1,temperature,field-01,keepalive,,173,ok
2025-09-01T10:20:00Z,temp-A1,temperature,field-01,reading,25.823,111,ok
2025-09-01T10:21:00Z,hum-A2,humidity,field-01,reading,49.778,142,ok
2025-09-01T10:21:00Z,temp-A1,temperature,field-01,reading,26.019,112,ok
2025-09-01T10:22:00Z,hum-A2,humidity,field-01,reading,48.654,143,ok
2025-09-01T10:22:00Z,soil-A3,soil_moist,field-02,reading,35.857,72,ok
2025-09-01T10:22:00Z,temp-A1,temperature,field-01,reading,25.77,113,ok
2025-09-01T10:23:00Z,hum-A2,humidity,field-01,reading,48.237,144,ok
2025-09-01T10:23:00Z,temp-A1,temperature,field-01,reading,25.609,114,ok
2025-09-01T10:24:00Z,hum-A2,humidity,field-01,reading,49.43,145,ok
2025-09-01T10:24:00Z,soil-A3,soil_moist,field-02,reading,35.221,73,ok
2025-09-01T10:24:00Z,temp-A1,temperature,field-01,reading,25.542,115,ok
2025-09-01T10:25:00Z,hum-A2,humidity,field-01,keepalive,,210,ok
2025-09-01T10:25:00Z,hum-A2,humidity,field-01,reading,48.702,146,ok
2025-09-01T10:25:00Z,soil-A3,soil_moist,field-02,keepalive,,120,ok
2025-09-01T10:25:00Z,temp-A1,temperature,field-01,keepalive,,174,ok
2025-09-01T10:25:00Z,temp-A1,temperature,field-01,reading,25.646,116,ok
2025-09-01T10:26:00Z,hum-A2,humidity,field-01,reading,47.229,147,ok
2025-09-01T10:26:00Z,soil-A3,soil_moist,field-02,reading,35.41,74,ok
2025-09-01T10:26:00Z,temp-A1,temperature,field-01,reading,25.654,117,ok
2025-09-01T10:27:00Z,hum-A2,humidity,field-01,reading,49.28,148,ok
2025-09-01T10:27:00Z,temp-A1,temperature,field-01,reading,25.504,118,ok
2025-09-01T10:28:00Z,hum-A2,humidity,field-01,reading,48.77,149,ok
2025-09-01T10:28:00Z,soil-A3,soil_moist,field-02,reading,35.261,75,ok
2025-09-01T10:28:00Z,temp-A1,temperature,field-01,reading,25.574,119,ok
2025-09-01T10:29:00Z,hum-A2,humidity,field-01,reading,47.767,150,ok
2025-09-01T10:29:00Z,temp-A1,temperature,field-01,reading,25.285,120,ok
2025-09-01T10:30:00Z,hum-A2,humidity,field-01,keepalive,,211,ok
2025-09-01T10:30:00Z,hum-A2,humidity,field-01,reading,47.567,151,ok
2025-09-01T10:30:00Z,soil-A3,soil_moist,field-02,keepalive,,121,ok
2025-09-01T10:30:00Z,soil-A3,soil_moist,field-02,reading,34.491,76,ok
2025-09-01T10:30:00Z,temp-A1,temperature,field-01,keepalive,,175,ok
2025-09-01T10:30:00Z,temp-A1,temperature,field-01,reading,25.558,121,ok
2025-09-01T10:31:00Z,hum-A2,humidity,field-01,reading,47.781,152,ok
2025-09-01T10:31:00Z,temp-A1,temperature,field-01,reading,25.16,122,ok
2025-09-01T10:32:00Z,hum-A2,humidity,field-01,reading,46.872,153,ok
2025-09-01T10:32:00Z,soil-A3,soil_moist,field-02,reading,35.052,77,ok
2025-09-01T10:32:00Z,temp-A1,temperature,field-01,reading,25.446,123,ok
2025-09-01T10:33:00Z,hum-A2,humidity,field-01,reading,46.174,154,ok
2025-09-01T10:33:00Z,temp-A1,temperature,field-01,reading,25.59,124,ok
2025-09-01T10:34:00Z,hum-A2,humidity,field-01,reading,47.347,155,ok
2025-09-01T10:34:00Z,soil-A3,soil_moist,field-02,reading,34.815,78,ok
2025-09-01T10:34:00Z,temp-A1,temperature,field-01,reading,25.636,125,ok
2025-09-01T10:35:00Z,hum-A2,humidity,field-01,keepalive,,212,ok
2025-09-01T10:35:00Z,hum-A2,humidity,field-01,reading,45.779,156,ok
2025-09-01T10:35:00Z,soil-A3,soil_moist,field-02,keepalive,,122,ok
2025-09-01T10:35:00Z,temp-A1,temperature,field-01,keepalive,,176,ok
2025-09-01T10:35:00Z,temp-A1,temperature,field-01,reading,25.729,126,ok
2025-09-01T10:36:00Z,hum-A2,humidity,field-01,reading,47.09,157,ok
2025-09-01T10:36:00Z,soil-A3,soil_moist,field-02,reading,34.672,79,ok
2025-09-01T10:36:00Z,temp-A1,temperature,field-01,reading,25.044,127,ok
2025-09-01T10:37:00Z,hum-A2,humidity,field-01,reading,45.478,158,ok
2025-09-01T10:37:00Z,temp-A1,temperature,field-01,reading,25.478,128,ok
2025-09-01T10:38:00Z,hum-A2,humidity,field-01,reading,46.41,159,ok
2025-09-01T10:38:00Z,soil-A3,soil_moist,field-02,reading,34.191,80,ok
2025-09-01T10:38:00Z,temp-A1,temperature,field-01,reading,25.539,129,ok
2025-09-01T10:39:00Z,hum-A2,humidity,field-01,reading,46.246,160,ok
2025-09-01T10:39:00Z,temp-A1,temperature,field-01,reading,25.467,130,ok
2025-09-01T10:40:00Z,hum-A2,humidity,field-01,keepalive,,213,ok
2025-09-01T10:40:00Z,hum-A2,humidity,field-01,reading,47.651,161,ok
2025-09-01T10:40:00Z,soil-A3,soil_moist,field-02,keepalive,,123,ok
2025-09-01T10:40:00Z,soil-A3,soil_moist,field-02,reading,34.053,81,ok
2025-09-01T10:40:00Z,temp-A1,temperature,field-01,keepalive,,177,ok
2025-09-01T10:40:00Z,temp-A1,temperature,field-01,reading,25.059,131,ok
2025-09-01T10:41:00Z,hum-A2,humidity,field-01,reading,45.25,162,ok
2025-09-01T10:41:00Z,temp-A1,temperature,field-01,reading,25.303,132,ok
2025-09-01T10:42:00Z,hum-A2,humidity,field-01,reading,44.853,163,ok
2025-09-01T10:42:00Z,soil-A3,soil_moist,field-02,reading,34.537,82,ok
2025-09-01T10:42:00Z,temp-A1,temperature,field-01,reading,25.569,133,ok
2025-09-01T10:43:00Z,hum-A2,humidity,field-01,reading,45.357,164,ok
2025-09-01T10:43:00Z,temp-A1,temperature,field-01,reading,24.875,134,ok
2025-09-01T10:44:00Z,hum-A2,humidity,field-01,reading,44.871,165,ok
2025-09-01T10:44:00Z,soil-A3,soil_moist,field-02,reading,35.114,83,ok
2025-09-01T10:44:00Z,temp-A1,temperature,field-01,reading,25.249,135,ok
2025-09-01T10:45:00Z,hum-A2,humidity,field-01,keepalive,,214,ok
2025-09-01T10:45:00Z,hum-A2,humidity,field-01,reading,45.2,166,ok
2025-09-01T10:45:00Z,soil-A3,soil_moist,field-02,keepalive,,124,ok
2025-09-01T10:45:00Z,temp-A1,temperature,field-01,keepalive,,178,ok
2025-09-01T10:45:00Z,temp-A1,temperature,field-01,reading,25.357,136,ok
2025-09-01T10:46:00Z,hum-A2,humidity,field-01,reading,45.917,167,ok
2025-09-01T10:46:00Z,soil-A3,soil_moist,field-02,reading,33.488,84,ok
2025-09-01T10:46:00Z,temp-A1,temperature,field-01,reading,24.977,137,ok
2025-09-01T10:47:00Z,hum-A2,humidity,field-01,reading,46.112,168,ok
2025-09-01T10:47:00Z,temp-A1,temperature,field-01,reading,25.216,138,ok
2025-09-01T10:48:00Z,hum-A2,humidity,field-01,reading,46.744,169,ok
2025-09-01T10:48:00Z,soil-A3,soil_moist,field-02,reading,34.053,85,ok
2025-09-01T10:48:00Z,temp-A1,temperature,field-01,reading,24.869,139,ok
2025-09-01T10:49:00Z,hum-A2,humidity,field-01,reading,44.755,170,ok
2025-09-01T10:49:00Z,temp-A1,temperature,field-01,reading,24.906,140,ok
2025-09-01T10:50:00Z,hum-A2,humidity,field-01,keepalive,,215,ok
2025-09-01T10:50:00Z,hum-A2,humidity,field-01,reading,47.39,171,ok
2025-09-01T10:50:00Z,soil-A3,soil_moist,field-02,keepalive,,125,ok
2025-09-01T10:50:00Z,soil-A3,soil_moist,field-02,reading,33.488,86,ok
2025-09-01T10:50:00Z,temp-A1,temperature,field-01,keepalive,,179,ok
2025-09-01T10:50:00Z,temp-A1,temperature,field-01,reading,24.892,141,ok
2025-09-01T10:51:00Z,hum-A2,humidity,field-01,reading,46.807,172,ok
2025-09-01T10:51:00Z,temp-A1,temperature,field-01,reading,25.083,142,ok
2025-09-01T10:52:00Z,hum-A2,humidity,field-01,reading,45.007,173,ok
2025-09-01T10:52:00Z,soil-A3,soil_moist,field-02,reading,33.951,87,ok
2025-09-01T10:52:00Z,temp-A1,temperature,field-01,reading,25.016,143,ok
2025-09-01T10:53:00Z,hum-A2,humidity,field-01,reading,43.291,174,ok
2025-09-01T10:53:00Z,temp-A1,temperature,field-01,reading,25.216,144,ok
2025-09-01T10:54:00Z,hum-A2,humidity,field-01,reading,45.02,175,ok
2025-09-01T10:54:00Z,soil-A3,soil_moist,field-02,reading,33.667,88,ok
2025-09-01T10:54:00Z,temp-A1,temperature,field-01,reading,24.829,145,ok
2025-09-01T10:55:00Z,hum-A2,humidity,field-01,keepalive,,216,ok
2025-09-01T10:55:00Z,hum-A2,humidity,field-01,reading,45.113,176,ok
2025-09-01T10:55:00Z,soil-A3,soil_moist,field-02,keepalive,,126,ok
2025-09-01T10:55:00Z,temp-A1,temperature,field-01,keepalive,,180,ok
2025-09-01T10:55:00Z,temp-A1,temperature,field-01,reading,24.985,146,ok
2025-09-01T10:56:00Z,hum-A2,humidity,field-01,reading,43.192,177,ok
2025-09-01T10:56:00Z,soil-A3,soil_moist,field-02,reading,33.871,89,ok
2025-09-01T10:56:00Z,temp-A1,temperature,field-01,reading,25.198,147,ok
2025-09-01T10:57:00Z,hum-A2,humidity,field-01,reading,45.073,178,ok
2025-09-01T10:57:00Z,temp-A1,temperature,field-01,reading,25.115,148,ok
2025-09-01T10:58:00Z,hum-A2,humidity,field-01,reading,44.843,179,ok
2025-09-01T10:58:00Z,soil-A3,soil_moist,field-02,reading,31.839,90,ok
2025-09-01T10:58:00Z,temp-A1,temperature,field-01,reading,24.736,149,ok
2025-09-01T10:59:00Z,hum-A2,humidity,field-01,reading,44.371,180,ok
2025-09-01T10:59:00Z,temp-A1,temperature,field-01,reading,25.133,150,ok
